{
    "$schema": "http://schema.management.azure.com/schemas/2015-01-01/deploymentTemplate.json#",
    "contentVersion": "1.0.0.0",
    "parameters": {
        "location": {
            "type": "string"
        },
        "virtualMachineName": {
            "type": "string"
        },
        "virtualMachineSize": {
            "type": "string"
        },
        "adminUsername": {
            "type": "string"
        },
        "virtualNetworkName": {
            "type": "string"
        },
        "networkInterfaceName": {
            "type": "string"
        },
        "networkSecurityGroupName": {
            "type": "string"
        },
        "adminPassword": {
            "type": "securestring"
        },
        "addressPrefix": {
            "type": "string"
        },
        "subnetName": {
            "type": "string"
        },
        "subnetPrefix": {
            "type": "string"
        },
        "publicIpAddressName": {
            "type": "string"
        },
        "publicIpAddressType": {
            "type": "string"
        },
        "publicIpAddressSku": {
            "type": "string"
        },
        "autoShutdownStatus": {
            "type": "string"
        },
        "autoShutdownTime": {
            "type": "string"
        },
        "autoShutdownTimeZone": {
            "type": "string"
        },
        "autoShutdownNotificationStatus": {
            "type": "string"
        }
    },
    "variables": {
        "vnetId": "[resourceId('ark-rg1','Microsoft.Network/virtualNetworks', parameters('virtualNetworkName'))]",
        "subnetRef": "[concat(variables('vnetId'), '/subnets/', parameters('subnetName'))]"
    },
    "resources": [
        {
            "name": "[parameters('virtualMachineName')]",
            "type": "Microsoft.Compute/virtualMachines",
            "apiVersion": "2016-04-30-preview",
            "location": "[parameters('location')]",
            "dependsOn": [
                "[concat('Microsoft.Network/networkInterfaces/', parameters('networkInterfaceName'))]"
            ],
            "properties": {
                "osProfile": {
                    "computerName": "[parameters('virtualMachineName')]",
                    "adminUsername": "[parameters('adminUsername')]",
                    "adminPassword": "[parameters('adminPassword')]"
                },
                "hardwareProfile": {
                    "vmSize": "[parameters('virtualMachineSize')]"
                },
                "storageProfile": {
                    "imageReference": {
                        "publisher": "Canonical",
                        "offer": "UbuntuServer",
                        "sku": "16.04-LTS",
                        "version": "latest"
                    },
                    "osDisk": {
                        "createOption": "fromImage",
                        "managedDisk": {
                            "storageAccountType": "Premium_LRS"
                        }
                    },
                    "dataDisks": []
                },
                "networkProfile": {
                    "networkInterfaces": [
                        {
                            "id": "[resourceId('Microsoft.Network/networkInterfaces', parameters('networkInterfaceName'))]"
                        }
                    ]
                }
            }
        },
        {
            "name": "microsoft.custom-script-linux-20180205134831",
            "apiVersion": "2015-01-01",
            "type": "Microsoft.Resources/deployments",
            "properties": {
                "mode": "incremental",
                "templateLink": {
                    "uri": "https://gallery.azure.com/artifact/20161101/microsoft.custom-script-linux-arm.2.0.50/Artifacts/MainTemplate.json"
                },
                "parameters": {
                    "vmName": {
                        "value": "ArkTest1"
                    },
                    "location": {
                        "value": "southcentralus"
                    },
                    "fileUris": {
                        "value": [
                            "https://iaasv2tempstoragech.blob.core.windows.net/vmextensionstemporary-00034001925951c5-20180205194800243/preparkserver.sh?sv=2015-04-05&sr=c&sig=9VwbFAKNYxA0behIRQf301tZK7kC88ywPY42Bz8yURc%3D&se=2018-02-06T19%3A48%3A00Z&sp=rw"
                        ]
                    },
                    "commandToExecute": {
                        "value": "sh preparkserver.sh"
                    }
                }
            },
            "dependsOn": [
                "[concat('Microsoft.Compute/virtualMachines/', parameters('virtualMachineName'))]"
            ]
        },
        {
            "name": "[concat('shutdown-computevm-', parameters('virtualMachineName'))]",
            "type": "Microsoft.DevTestLab/schedules",
            "apiVersion": "2017-04-26-preview",
            "location": "[parameters('location')]",
            "properties": {
                "status": "[parameters('autoShutdownStatus')]",
                "taskType": "ComputeVmShutdownTask",
                "dailyRecurrence": {
                    "time": "[parameters('autoShutdownTime')]"
                },
                "timeZoneId": "[parameters('autoShutdownTimeZone')]",
                "targetResourceId": "[resourceId('Microsoft.Compute/virtualMachines', parameters('virtualMachineName'))]",
                "notificationSettings": {
                    "status": "[parameters('autoShutdownNotificationStatus')]",
                    "timeInMinutes": "30"
                }
            },
            "dependsOn": [
                "[concat('Microsoft.Compute/virtualMachines/', parameters('virtualMachineName'))]"
            ]
        },
        {
            "name": "[parameters('virtualNetworkName')]",
            "type": "Microsoft.Network/virtualNetworks",
            "apiVersion": "2017-08-01",
            "location": "[parameters('location')]",
            "properties": {
                "addressSpace": {
                    "addressPrefixes": [
                        "[parameters('addressPrefix')]"
                    ]
                },
                "subnets": [
                    {
                        "name": "[parameters('subnetName')]",
                        "properties": {
                            "addressPrefix": "[parameters('subnetPrefix')]"
                        }
                    }
                ]
            }
        },
        {
            "name": "[parameters('networkInterfaceName')]",
            "type": "Microsoft.Network/networkInterfaces",
            "apiVersion": "2016-09-01",
            "location": "[parameters('location')]",
            "dependsOn": [
                "[concat('Microsoft.Network/virtualNetworks/', parameters('virtualNetworkName'))]",
                "[concat('Microsoft.Network/publicIpAddresses/', parameters('publicIpAddressName'))]",
                "[concat('Microsoft.Network/networkSecurityGroups/', parameters('networkSecurityGroupName'))]"
            ],
            "properties": {
                "ipConfigurations": [
                    {
                        "name": "ipconfig1",
                        "properties": {
                            "subnet": {
                                "id": "[variables('subnetRef')]"
                            },
                            "privateIPAllocationMethod": "Dynamic",
                            "publicIpAddress": {
                                "id": "[resourceId('ark-rg1','Microsoft.Network/publicIpAddresses', parameters('publicIpAddressName'))]"
                            }
                        }
                    }
                ],
                "networkSecurityGroup": {
                    "id": "[resourceId('ark-rg1', 'Microsoft.Network/networkSecurityGroups', parameters('networkSecurityGroupName'))]"
                }
            }
        },
        {
            "name": "[parameters('publicIpAddressName')]",
            "type": "Microsoft.Network/publicIpAddresses",
            "apiVersion": "2017-08-01",
            "location": "[parameters('location')]",
            "properties": {
                "publicIpAllocationMethod": "[parameters('publicIpAddressType')]"
            },
            "sku": {
                "name": "[parameters('publicIpAddressSku')]"
            }
        },
        {
            "name": "[parameters('networkSecurityGroupName')]",
            "type": "Microsoft.Network/networkSecurityGroups",
            "apiVersion": "2017-06-01",
            "location": "[parameters('location')]",
            "properties": {
                "securityRules": [
                    {
                        "name": "Ark_4001-4002",
                        "properties": {
                            "priority": 100,
                            "protocol": "*",
                            "access": "Allow",
                            "direction": "Inbound",
                            "sourceAddressPrefix": "*",
                            "sourcePortRange": "*",
                            "destinationAddressPrefix": "*",
                            "destinationPortRange": "4001-4002"
                        }
                    },
                    {
                        "name": "Ark-Explorer_Port_4200",
                        "properties": {
                            "priority": 1011,
                            "protocol": "*",
                            "access": "Allow",
                            "direction": "Inbound",
                            "sourceAddressPrefix": "*",
                            "sourcePortRange": "*",
                            "destinationAddressPrefix": "*",
                            "destinationPortRange": "4200"
                        }
                    },
                    {
                        "name": "default-allow-ssh",
                        "properties": {
                            "priority": 1000,
                            "protocol": "TCP",
                            "access": "Allow",
                            "direction": "Inbound",
                            "sourceAddressPrefix": "*",
                            "sourcePortRange": "*",
                            "destinationAddressPrefix": "*",
                            "destinationPortRange": "22"
                        }
                    }
                ]
            }
        }
    ],
    "outputs": {
        "adminUsername": {
            "type": "string",
            "value": "[parameters('adminUsername')]"
        }
    }
}